Timestamp,เพศ,ศึกษาระดับชั้น ม.6 ในแผนการเรียน ,คะแนน GPAX (6 เทอม),ภูมิลำเนาปัจจุบัน,อาชีพในอนาคต,สถาบันการศึกษา,อาชีพของมารดา,ระดับการศึกษาของมารดา,อาชีพของบิดา,ระดับการศึกษาของบิดา,สถานภาพสมรสของบิดามารดา,รายได้รวมต่อเดือนของผู้ปกครอง (บิดาและมารดา) โดยประมาณ (บาท),ด้านที่ 1 : ปัจจัยที่มีความสำคัญต่อมุมมองและความคิดเห็นของตัวนักเรียน [1. ข้อมูลและข่าวสารเป็นปัจจัยสำคัญในการตัดสินใจเพื่อศึกษาต่อของนักเรียน],ด้านที่ 1 : ปัจจัยที่มีความสำคัญต่อมุมมองและความคิดเห็นของตัวนักเรียน [2. ชื่อเสียงสถาบันอุดมศึกษาเป็นปัจจัยที่สำคัญในการตัดสินใจเพื่อศึกษาต่อของนักเรียน],ด้านที่ 1 : ปัจจัยที่มีความสำคัญต่อมุมมองและความคิดเห็นของตัวนักเรียน [3. ความสะดวกในการเดินทางเป็นปัจจัยที่สำคัญในการตัดสินใจเพื่อศึกษาต่อของนักเรียน],ด้านที่ 1 : ปัจจัยที่มีความสำคัญต่อมุมมองและความคิดเห็นของตัวนักเรียน [4. หลักสูตรที่เรียนเป็นปัจจัยที่สำคัญในการตัดสินใจเพื่อศึกษาต่อของนักเรียน],ด้านที่ 1 : ปัจจัยที่มีความสำคัญต่อมุมมองและความคิดเห็นของตัวนักเรียน [5. ต้นทุนด้านการศึกษาต่อเป็นปัจจัยที่สำคัญในการตัดสินใจเพื่อศึกษาต่อของนักเรียน],ด้านที่ 1 : ปัจจัยที่มีความสำคัญต่อมุมมองและความคิดเห็นของตัวนักเรียน [6. คำแนะนำของผู้ปกครองเป็นปัจจัยที่สำคัญในการตัดสินใจเพื่อศึกษาต่อของนักเรียน],ด้านที่ 1 : ปัจจัยที่มีความสำคัญต่อมุมมองและความคิดเห็นของตัวนักเรียน [7. อาชีพที่เป็นที่ต้องการของตลาดในอนาคต (งานวิศวกรรม งานบัญชี งานไอที งานสื่อโฆษณา เป็นต้น) เป็นปัจจัยที่สำคัญในการตัดสินใจเพื่อศึกษาต่อของนักเรียน],ด้านที่ 1 : ปัจจัยที่มีความสำคัญต่อมุมมองและความคิดเห็นของตัวนักเรียน [8. ความพร้อมของสถาบันการศึกษา เช่น อุปกรณ์การเรียนและเครื่องมือ ทรัพยากร ภูมิทัศน์ ของแต่ละคณะหรือสาขา เป็นปัจจัยที่สำคัญในการตัดสินใจเพื่อศึกษาต่อของนักเรียน],ด้านที่ 1 : ปัจจัยที่มีความสำคัญต่อมุมมองและความคิดเห็นของตัวนักเรียน [9. ความชอบและความสนใจของตัวนักเรียนเป็นปัจจัยสำคัญในการตัดสินใจเพื่อศึกษาต่อของนักเรียน],"ด้านที่ 1 : ปัจจัยที่มีความสำคัญต่อมุมมองและความคิดเห็นของตัวนักเรียน [10. คะแนนสอบตามเกณฑ์มาตรฐาน เช่น GAT, PAT, TOEIC เป็นปัจจัยสำคัญในการตัดสินใจเพื่อศึกษาต่อของนักเรียน]",ด้านที่ 1 : ปัจจัยที่มีความสำคัญต่อมุมมองและความคิดเห็นของตัวนักเรียน [11. ค่านิยมในการเลือกคณะเป็นปัจจัยที่สำคัญในการตัดสินใจเพื่อศึกษาต่อของนักเรียน],ด้านที่ 1 : ปัจจัยที่มีความสำคัญต่อมุมมองและความคิดเห็นของตัวนักเรียน [12. คำแนะนำของคุณครูเป็นปัจจัยที่สำคัญในการตัดสินใจเพื่อศึกษาต่อของนักเรียน],ด้านที่ 1 : ปัจจัยที่มีความสำคัญต่อมุมมองและความคิดเห็นของตัวนักเรียน [13. คำแนะนำของรุ่นพี่เป็นปัจจัยที่สำคัญในการตัดสินใจเพื่อศึกษาต่อของนักเรียน],ด้านที่ 1 : ปัจจัยที่มีความสำคัญต่อมุมมองและความคิดเห็นของตัวนักเรียน [14. คำแนะนำของเพื่อนเป็นปัจจัยที่สำคัญในการตัดสินใจเพื่อศึกษาต่อของนักเรียน],ด้านที่ 1 : ปัจจัยที่มีความสำคัญต่อมุมมองและความคิดเห็นของตัวนักเรียน [15. ความถนัดและความสามารถของตัวนักเรียนเป็นปัจจัยที่สำคัญในการตัดสินใจเพื่อศึกษาต่อของนักเรียน],ด้านที่ 2 : ปัจจัยที่มีความสำคัญต่อความสนใจของตัวนักเรียน [1. นักเรียนสนใจวิชาคณิตศาสตร์ในระดับใด],ด้านที่ 2 : ปัจจัยที่มีความสำคัญต่อความสนใจของตัวนักเรียน [2. นักเรียนสนใจวิชาวิทยาศาสตร์ในระดับใด],ด้านที่ 2 : ปัจจัยที่มีความสำคัญต่อความสนใจของตัวนักเรียน [3. นักเรียนสนใจวิชาภาษาไทยในระดับใด],ด้านที่ 2 : ปัจจัยที่มีความสำคัญต่อความสนใจของตัวนักเรียน [4. นักเรียนสนใจวิชาสังคมศาสตร์ในระดับใด],ด้านที่ 2 : ปัจจัยที่มีความสำคัญต่อความสนใจของตัวนักเรียน [5. นักเรียนเป็นคนที่สนใจภาษาอังกฤษหรือภาษาอื่น ๆ ในระดับใด],ด้านที่ 2 : ปัจจัยที่มีความสำคัญต่อความสนใจของตัวนักเรียน [6. นักเรียนให้ความสนใจในเรื่องเทคโนโลยี ในระดับใด],ด้านที่ 2 : ปัจจัยที่มีความสำคัญต่อความสนใจของตัวนักเรียน [7. นักเรียนให้ความสนใจเรื่องวิทยาศาสตร์และสุขภาพในระดับใด],ด้านที่ 2 : ปัจจัยที่มีความสำคัญต่อความสนใจของตัวนักเรียน [8. นักเรียนให้ความสนใจในเรื่องสังคมและการศึกษาในระดับใด],ด้านที่ 2 : ปัจจัยที่มีความสำคัญต่อความสนใจของตัวนักเรียน [9. นักเรียนให้ความสนใจในเรื่องงานศิลปะและงานออกแบบในระดับใด],ด้านที่ 2 : ปัจจัยที่มีความสำคัญต่อความสนใจของตัวนักเรียน [10. นักเรียนให้ความสนใจในเรื่องธรรมชาติและสิ่งแวดล้อมในระดับใด],ด้านที่ 3 : ปัจจัยที่มีความสำคัญต่อความสามารถของตัวนักเรียน [1. ความสามารถด้านเทคโนโลยีใกล้เคียงกับตัวเราในระดับใด],ด้านที่ 3 : ปัจจัยที่มีความสำคัญต่อความสามารถของตัวนักเรียน [2. ความสามารถด้านสังคมและความเป็นผู้นำใกล้เคียงกับตัวเราในระดับใด],ด้านที่ 3 : ปัจจัยที่มีความสำคัญต่อความสามารถของตัวนักเรียน [3. ความสามารถด้านการออกแบบใกล้เคียงกับตัวเราในระดับใด],ด้านที่ 3 : ปัจจัยที่มีความสำคัญต่อความสามารถของตัวนักเรียน [4. ความสามารถด้านกีฬาใกล้เคียงกับตัวเราในระดับใด],ด้านที่ 3 : ปัจจัยที่มีความสำคัญต่อความสามารถของตัวนักเรียน [5. ความสามารถด้านดนตรีใกล้เคียงกับตัวเราในระดับใด],ด้านที่ 3 : ปัจจัยที่มีความสำคัญต่อความสามารถของตัวนักเรียน [6. ความสามารถด้านความสัมพันธ์ของจำนวนตัวเลขของนักเรียนอยู่ในระดับใด],ด้านที่ 3 : ปัจจัยที่มีความสำคัญต่อความสามารถของตัวนักเรียน [7. ความสามารถในการใช้เหตุผลของนักเรียนอยู่ในระดับใด],ด้านที่ 3 : ปัจจัยที่มีความสำคัญต่อความสามารถของตัวนักเรียน [8. ความสามารถในการติดต่อสื่อสารของนักเรียนอยู่ในระดับใด],ด้านที่ 3 : ปัจจัยที่มีความสำคัญต่อความสามารถของตัวนักเรียน [9. ความสามารถด้านความเข้าใจในภาษาของนักเรียนอยู่ในระดับใด],ด้านที่ 3 : ปัจจัยที่มีความสำคัญต่อความสามารถของตัวนักเรียน [10. ความสามารถด้านมิติสัมพันธ์ของนักเรียนอยู่ในระดับใด],ด้านที่ 3 : ปัจจัยที่มีความสำคัญต่อความสามารถของตัวนักเรียน [11. ความสามารถด้านความจำของนักเรียนอยู่ในระดับใด],ด้านที่ 3 : ปัจจัยที่มีความสำคัญต่อความสามารถของตัวนักเรียน [12. ความสามารถด้านการสังเกตพิจารณาของนักเรียนอยู่ในระดับใด],4.1 สายวิชาที่ท่านให้ความสนใจ 5 อันดับแรก  [สายวิทยาศาสตร์ (คณะวิทยาศาสตร์ เป็นต้น)],4.1 สายวิชาที่ท่านให้ความสนใจ 5 อันดับแรก  [สายวิทยาศาสตร์และเทคโนโลยี (คณะวิศวกรรมศาสตร์ คณะเทคโนโลยีสารสนเทศ คณะเกษตรศาสตร์ เป็นต้น)],"4.1 สายวิชาที่ท่านให้ความสนใจ 5 อันดับแรก  [สายวิทยาศาสตร์สุขภาพ (คณะแพทย์ศาสตร์, คณะพยาบาลศาสตร์ คณะเภสัชศาสตร์ เป็นต้น)]",4.1 สายวิชาที่ท่านให้ความสนใจ 5 อันดับแรก  [สายบริหาร (คณะบัญชี คณะเศรษฐศาสตร์ เป็นต้น)],"4.1 สายวิชาที่ท่านให้ความสนใจ 5 อันดับแรก  [สายภาษาศาสตร์ (คณะศิลปะศาสตร์, คณะอักษรศาสตร์ เป็นต้น)]","4.1 สายวิชาที่ท่านให้ความสนใจ 5 อันดับแรก  [สายสังคม (คณะนิติศาสตร์, คณะรัฐศาสตร์ เป็นต้น)]","4.1 สายวิชาที่ท่านให้ความสนใจ 5 อันดับแรก  [สายทางการศึกษา (คณะครุศาสตร์, คณะศึกษาศาสตร์)]","4.1 สายวิชาที่ท่านให้ความสนใจ 5 อันดับแรก  [สายศิลปะ (คณะสถาปัตยกรรม, คณะจิตรกรรม คณะมัณฑณศิลป์ เป็นต้น)]",4.2 คณะวิชาที่ท่านให้ความสนใจ 5 อันดับแรก  [คณะวิทยาศาสตร์],4.2 คณะวิชาที่ท่านให้ความสนใจ 5 อันดับแรก  [คณะเทคโนโลยีสารสนเทศ],4.2 คณะวิชาที่ท่านให้ความสนใจ 5 อันดับแรก  [คณะวิศวกรรมศาสตร์],4.2 คณะวิชาที่ท่านให้ความสนใจ 5 อันดับแรก  [คณะเกษตรศาสตร์],4.2 คณะวิชาที่ท่านให้ความสนใจ 5 อันดับแรก  [คณะวนศาสตร์],4.2 คณะวิชาที่ท่านให้ความสนใจ 5 อันดับแรก  [คณะสัตวแพทยศาสตร์],4.2 คณะวิชาที่ท่านให้ความสนใจ 5 อันดับแรก  [คณะวิทยาศาสตร์การกีฬา],4.2 คณะวิชาที่ท่านให้ความสนใจ 5 อันดับแรก  [คณะจิตวิทยา],4.2 คณะวิชาที่ท่านให้ความสนใจ 5 อันดับแรก  [คณะแพทย์ศาสตร์],4.2 คณะวิชาที่ท่านให้ความสนใจ 5 อันดับแรก  [คณะทันตแพทยศาสตร์],4.2 คณะวิชาที่ท่านให้ความสนใจ 5 อันดับแรก  [คณะพยาบาลศาสตร์],4.2 คณะวิชาที่ท่านให้ความสนใจ 5 อันดับแรก  [คณะเภสัชศาสตร์],4.2 คณะวิชาที่ท่านให้ความสนใจ 5 อันดับแรก  [คณะสหเวชศาสตร์],4.2 คณะวิชาที่ท่านให้ความสนใจ 5 อันดับแรก  [คณะเทคนิคการแพทย์],4.2 คณะวิชาที่ท่านให้ความสนใจ 5 อันดับแรก  [คณะกายภาพบำบัด],4.2 คณะวิชาที่ท่านให้ความสนใจ 5 อันดับแรก  [คณะรังสีเทคนิค],4.2 คณะวิชาที่ท่านให้ความสนใจ 5 อันดับแรก  [คณะบัญชี],4.2 คณะวิชาที่ท่านให้ความสนใจ 5 อันดับแรก  [คณะบริหาร],4.2 คณะวิชาที่ท่านให้ความสนใจ 5 อันดับแรก  [คณะการตลาด],4.2 คณะวิชาที่ท่านให้ความสนใจ 5 อันดับแรก  [คณะการจัดการ],4.2 คณะวิชาที่ท่านให้ความสนใจ 5 อันดับแรก  [คณะเศรษฐศาสตร์],4.2 คณะวิชาที่ท่านให้ความสนใจ 5 อันดับแรก  [คณะนิติศาสตร์],4.2 คณะวิชาที่ท่านให้ความสนใจ 5 อันดับแรก  [คณะรัฐศาสตร์],4.2 คณะวิชาที่ท่านให้ความสนใจ 5 อันดับแรก  [คณะโบราณคดี],4.2 คณะวิชาที่ท่านให้ความสนใจ 5 อันดับแรก  [คณะสังคมศาสตร์],4.2 คณะวิชาที่ท่านให้ความสนใจ 5 อันดับแรก  [คณะสื่อสารมวลชน],4.2 คณะวิชาที่ท่านให้ความสนใจ 5 อันดับแรก  [คณะนิเทศศาสตร์],4.2 คณะวิชาที่ท่านให้ความสนใจ 5 อันดับแรก  [คณะวารสารศาสตร์],4.2 คณะวิชาที่ท่านให้ความสนใจ 5 อันดับแรก  [คณะครุศาสตร์],4.2 คณะวิชาที่ท่านให้ความสนใจ 5 อันดับแรก  [คณะศึกษาศาสตร์],4.2 คณะวิชาที่ท่านให้ความสนใจ 5 อันดับแรก  [คณะสถาปัตยกรรมศาสตร์],4.2 คณะวิชาที่ท่านให้ความสนใจ 5 อันดับแรก  [คณะจิตรกรรม],4.2 คณะวิชาที่ท่านให้ความสนใจ 5 อันดับแรก  [คณะวิจิตรศิลป์],4.2 คณะวิชาที่ท่านให้ความสนใจ 5 อันดับแรก  [คณะมัณฑณศิลป์],4.2 คณะวิชาที่ท่านให้ความสนใจ 5 อันดับแรก  [คณะประติมากรรม],4.2 คณะวิชาที่ท่านให้ความสนใจ 5 อันดับแรก  [คณะศิลปกรรมศาสตร์], มหาวิทยาลัยในกำกับ, มหาวิทยาลัยรัฐ, มหาวิทยาลัยเอกชน
29/10/2020 11:19:17,ชาย,แผนศิลป์-คำนวณ,มากกว่า 3.00 แต่ไม่เกิน 3.50,ภาคกลาง,อาชีพค้าขาย,รัฐบาล,พนักงานบริษัทเอกชน,ปริญญาตรี,ธุรกิจส่วนตัว,ปริญญาตรี,อยู่ด้วยกัน,"40,001 - 100,000 บาท",ค่อนข้างสำคัญ,ค่อนข้างสำคัญ,ค่อนข้างสำคัญ,ค่อนข้างสำคัญ,ค่อนข้างสำคัญ,ค่อนข้างสำคัญ,ค่อนข้างสำคัญ,ค่อนข้างสำคัญ,ค่อนข้างสำคัญ,ค่อนข้างสำคัญ,ค่อนข้างสำคัญ,ค่อนข้างสำคัญ,เป็นกลาง,เป็นกลาง,ค่อนข้างสำคัญ,สนใจปานกลาง,สนใจปานกลาง,สนใจปานกลาง,สนในมาก,สนใจปานกลาง,สนใจปานกลาง,สนใจปานกลาง,สนใจปานกลาง,สนใจปานกลาง,สนใจปานกลาง,มีความสามารถปานกลาง,มีความสามารถปานกลาง,มีความสามารถปานกลาง,มีความสามารถปานกลาง,มีความสามารถปานกลาง,มีความสามารถปานกลาง,มีความสามารถปานกลาง,มีความสามารถปานกลาง,มีความสามารถปานกลาง,มีความสามารถปานกลาง,มีความสามารถมาก,มีความสามารถปานกลาง,,,,,,,,,,,,,,,,,,,,,,,,,,อันดับที่ 1,อันดับที่ 2,,อันดับที่ 3,,,,อันดับที่ 4,,,,,,,,,,,,พระนครเหนือ,,
29/10/2020 11:19:46,หญิง,แผนศิลป์-คำนวณ,มากกว่า 3.00 แต่ไม่เกิน 3.50,กรุงเทพมหานคร,อาชีพด้านสื่อสารมวลชน,รัฐบาล,ธุรกิจส่วนตัว,ปริญญาตรี,รับราชการ,ปริญญาตรี,อยู่ด้วยกัน,"150,001 - 300,000 บาท",สำคัญมาก,ค่อนข้างสำคัญ,สำคัญมาก,สำคัญมาก,เป็นกลาง,เป็นกลาง,ค่อนข้างสำคัญ,สำคัญมาก,สำคัญมาก,สำคัญมาก,ค่อนข้างไม่สำคัญ,เป็นกลาง,เป็นกลาง,เป็นกลาง,สำคัญมาก,สนใจปานกลาง,สนใจปานกลาง,สนในมาก,สนในมาก,สนใจปานกลาง,สนใจมากที่สุด,สนใจน้อย,สนในมาก,สนใจปานกลาง,สนในมาก,มีความสามารถมากที่สุด,มีความสามารถมากที่สุด,มีความสามารถมาก,มีความสามารถมากที่สุด,มีความสามารถมาก,มีความสามารถปานกลาง,มีความสามารถมากที่สุด,มีความสามารถมากที่สุด,มีความสามารถมาก,มีความสามารถมากที่สุด,มีความสามารถมาก,มีความสามารถมากที่สุด,,,,อันดับที่ 5,อันดับที่ 1,อันดับที่ 4,อันดับที่ 3,อันดับที่ 2,,,,อันดับที่ 5,,อันดับที่ 4,,อันดับที่ 3,,,,,,,,,,,,,,,,,,อันดับที่ 2,อันดับที่ 1,,,,,,,,,,มหาวิทยาลัยศรีนครินทรวิโรฒ,,
29/10/2020 11:21:12,ชาย,แผนศิลป์-คำนวณ,มากกว่า 2.00 แต่ไม่เกิน 3.00,ภาคกลาง,อาชีพด้านเทคโนโลยี,เอกชน,พนักงานบริษัทเอกชน,ปริญญาตรี,ธุรกิจส่วนตัว,ปริญญาตรี,อยู่ด้วยกัน,"มากกว่า 300,000 บาท",สำคัญมาก,สำคัญมาก,สำคัญมาก,สำคัญมาก,สำคัญมาก,สำคัญมาก,สำคัญมาก,สำคัญมาก,สำคัญมาก,สำคัญมาก,สำคัญมาก,สำคัญมาก,สำคัญมาก,สำคัญมาก,สำคัญมาก,สนใจน้อยที่สุด,สนใจน้อยที่สุด,สนใจน้อยที่สุด,สนใจน้อยที่สุด,สนใจปานกลาง,สนใจมากที่สุด,สนใจน้อยที่สุด,สนในมาก,สนใจมากที่สุด,สนในมาก,มีความสามารถมากที่สุด,มีความสามารถน้อยที่สุด,มีความสามารถมาก,มีความสามารถปานกลาง,มีความสามารถน้อย,มีความสามารถปานกลาง,มีความสามารถปานกลาง,มีความสามารถมาก,มีความสามารถมากที่สุด,มีความสามารถมากที่สุด,มีความสามารถมาก,มีความสามารถมากที่สุด,อันดับที่ 5,อันดับที่ 5,อันดับที่ 5,อันดับที่ 5,อันดับที่ 5,อันดับที่ 5,อันดับที่ 5,อันดับที่ 5,อันดับที่ 5,อันดับที่ 5,อันดับที่ 5,อันดับที่ 5,อันดับที่ 5,อันดับที่ 5,อันดับที่ 5,อันดับที่ 5,อันดับที่ 5,อันดับที่ 5,อันดับที่ 5,อันดับที่ 5,อันดับที่ 5,อันดับที่ 5,อันดับที่ 5,อันดับที่ 5,,,,,,,,,,,อันดับที่ 1,,,,,,,,,,,,มหาวิทยาลัยกรุงเทพ
29/10/2020 11:21:31,หญิง,แผนวิทย์-คณิต,มากกว่า 3.00 แต่ไม่เกิน 3.50,ภาคกลาง,อาชีพด้านสาธารณสุข,เอกชน,ธุรกิจส่วนตัว,ปริญญาตรี,ธุรกิจส่วนตัว,ปริญญาตรี,อยู่ด้วยกัน,"150,001 - 300,000 บาท",สำคัญมาก,เป็นกลาง,ค่อนข้างสำคัญ,ค่อนข้างสำคัญ,สำคัญมาก,ค่อนข้างสำคัญ,สำคัญมาก,สำคัญมาก,สำคัญมาก,ค่อนข้างสำคัญ,ค่อนข้างไม่สำคัญ,เป็นกลาง,เป็นกลาง,เป็นกลาง,สำคัญมาก,สนใจปานกลาง,สนใจมากที่สุด,สนใจปานกลาง,สนในมาก,สนในมาก,สนใจปานกลาง,สนใจมากที่สุด,สนในมาก,สนใจน้อย,สนใจน้อย,มีความสามารถปานกลาง,มีความสามารถมากที่สุด,มีความสามารถมาก,มีความสามารถน้อย,มีความสามารถปานกลาง,มีความสามารถมาก,มีความสามารถมากที่สุด,มีความสามารถมากที่สุด,มีความสามารถมาก,มีความสามารถมาก,มีความสามารถมากที่สุด,มีความสามารถมากที่สุด,อันดับที่ 2,อันดับที่ 5,อันดับที่ 1,อันดับที่ 3,อันดับที่ 4,อันดับที่ 2,อันดับที่ 5,อันดับที่ 5,อันดับที่ 4,,,,,อันดับที่ 5,,อันดับที่ 5,อันดับที่ 2,,,อันดับที่ 1,,,,,,,,,,อันดับที่ 3,,,,,,,,,,,,,,,มหาวิทยาลัยมหิดล,มหาวิทยาลัยนเรศวร,มหาวิทยาลัยรังสิต
29/10/2020 11:21:44,หญิง,แผนศิลป์-คำนวณ,มากกว่า 3.50 ขึ้นไป,ภาคกลาง,อาชีพด้านภาษา,รัฐบาล,ธุรกิจส่วนตัว,มัธยมศึกษาหรือเทียบเท่า,ธุรกิจส่วนตัว,อนุปริญญา,แยกกันหรือหย่าร้าง,"100,001 - 150,000 บาท",สำคัญมาก,ค่อนข้างสำคัญ,ค่อนข้างสำคัญ,สำคัญมาก,สำคัญมาก,เป็นกลาง,สำคัญมาก,เป็นกลาง,สำคัญมาก,ค่อนข้างสำคัญ,ค่อนข้างไม่สำคัญ,เป็นกลาง,เป็นกลาง,เป็นกลาง,สำคัญมาก,สนใจมากที่สุด,สนใจน้อย,สนใจมากที่สุด,สนใจน้อย,สนใจมากที่สุด,สนใจปานกลาง,สนใจปานกลาง,สนในมาก,สนใจน้อย,สนใจปานกลาง,มีความสามารถปานกลาง,มีความสามารถปานกลาง,มีความสามารถน้อยที่สุด,มีความสามารถน้อย,มีความสามารถปานกลาง,มีความสามารถมากที่สุด,มีความสามารถมากที่สุด,มีความสามารถมาก,มีความสามารถมากที่สุด,มีความสามารถมาก,มีความสามารถมากที่สุด,มีความสามารถมากที่สุด,อันดับที่ 3,อันดับที่ 4,อันดับที่ 4,อันดับที่ 1,อันดับที่ 2,อันดับที่ 3,อันดับที่ 1,อันดับที่ 4,,,,,,,,,,,,,,,อันดับที่ 5,,อันดับที่ 1,อันดับที่ 2,อันดับที่ 3,,,,,,,,,,อันดับที่ 4,,,,,,,,มหาวิทยาลัยมหิดล,,
29/10/2020 11:22:03,หญิง,แผนศิลป์-คำนวณ,มากกว่า 3.50 ขึ้นไป,กรุงเทพมหานคร,อาชีพด้านเทคโนโลยี,เอกชน,ธุรกิจส่วนตัว,อนุปริญญา,ธุรกิจส่วนตัว,มัธยมศึกษาหรือเทียบเท่า,แยกกันหรือหย่าร้าง,"ไม่เกิน 40,000 บาท",สำคัญมาก,สำคัญมาก,สำคัญมาก,ค่อนข้างสำคัญ,สำคัญมาก,เป็นกลาง,ค่อนข้างสำคัญ,สำคัญมาก,สำคัญมาก,สำคัญมาก,เป็นกลาง,เป็นกลาง,เป็นกลาง,ค่อนข้างสำคัญ,สำคัญมาก,สนใจปานกลาง,สนใจปานกลาง,สนใจปานกลาง,สนใจมากที่สุด,สนในมาก,สนใจมากที่สุด,สนใจมากที่สุด,สนใจมากที่สุด,สนใจมากที่สุด,สนใจมากที่สุด,มีความสามารถมากที่สุด,มีความสามารถมาก,มีความสามารถมากที่สุด,มีความสามารถปานกลาง,มีความสามารถปานกลาง,มีความสามารถปานกลาง,มีความสามารถมากที่สุด,มีความสามารถมากที่สุด,มีความสามารถมาก,มีความสามารถมากที่สุด,มีความสามารถมากที่สุด,มีความสามารถมากที่สุด,,อันดับที่ 4,อันดับที่ 5,อันดับที่ 3,,,อันดับที่ 2,อันดับที่ 1,,,,,,อันดับที่ 3,,,,,,,,,,,,,,,อันดับที่ 4,,,,,อันดับที่ 2,,,,,อันดับที่ 1,,,อันดับที่ 5,,,จุฬาลงกรณ์มหาวิทยาลัย,มหาวิทยาลัยสุโขทัยธรรมมาธิราช,มหาวิทยาลัยรังสิต
29/10/2020 11:25:21,หญิง,แผนวิทย์-คณิต,มากกว่า 3.50 ขึ้นไป,ภาคกลาง,อาชีพด้านความสวยงาม,รัฐบาล,รัฐวิสาหกิจ,ปริญญาตรี,รับราชการ,สูงกว่าปริญญาตรี,อยู่ด้วยกัน,"150,001 - 300,000 บาท",ค่อนข้างสำคัญ,ค่อนข้างสำคัญ,สำคัญมาก,ค่อนข้างสำคัญ,เป็นกลาง,ค่อนข้างสำคัญ,ค่อนข้างสำคัญ,ค่อนข้างสำคัญ,สำคัญมาก,สำคัญมาก,เป็นกลาง,เป็นกลาง,ค่อนข้างสำคัญ,ค่อนข้างสำคัญ,ค่อนข้างสำคัญ,สนในมาก,สนในมาก,สนในมาก,สนในมาก,สนในมาก,สนในมาก,สนในมาก,สนในมาก,สนในมาก,สนในมาก,มีความสามารถมาก,มีความสามารถปานกลาง,มีความสามารถน้อย,มีความสามารถน้อย,มีความสามารถมาก,มีความสามารถมาก,มีความสามารถมาก,มีความสามารถมาก,มีความสามารถมาก,มีความสามารถมาก,มีความสามารถมาก,มีความสามารถปานกลาง,อันดับที่ 2,อันดับที่ 5,อันดับที่ 1,อันดับที่ 3,,อันดับที่ 4,,,อันดับที่ 2,,,,,,,,อันดับที่ 1,,,,,,,,อันดับที่ 3,อันดับที่ 4,อันดับที่ 5,,,,,,,,,,,,,,,,,,จุฬาลงกรณ์มหาวิทยาลัย,,
29/10/2020 11:25:25,หญิง,แผนศิลป์-คำนวณ,มากกว่า 3.50 ขึ้นไป,กรุงเทพมหานคร,อาชีพด้านสื่อสารมวลชน,รัฐบาล,ธุรกิจส่วนตัว,ปริญญาตรี,ธุรกิจส่วนตัว,สูงกว่าปริญญาตรี,บิดาหรือมารดาถึงแก่กรรม,"มากกว่า 300,000 บาท",สำคัญมาก,เป็นกลาง,ค่อนข้างสำคัญ,สำคัญมาก,สำคัญมาก,ค่อนข้างไม่สำคัญ,เป็นกลาง,ค่อนข้างสำคัญ,สำคัญมาก,สำคัญมาก,ค่อนข้างไม่สำคัญ,ค่อนข้างไม่สำคัญ,ค่อนข้างสำคัญ,เป็นกลาง,ค่อนข้างสำคัญ,สนใจปานกลาง,สนใจปานกลาง,สนใจปานกลาง,สนในมาก,สนในมาก,สนใจปานกลาง,สนในมาก,สนในมาก,สนในมาก,สนในมาก,มีความสามารถมาก,มีความสามารถมาก,มีความสามารถมาก,มีความสามารถน้อย,มีความสามารถปานกลาง,มีความสามารถปานกลาง,มีความสามารถมาก,มีความสามารถมาก,มีความสามารถมาก,มีความสามารถมากที่สุด,มีความสามารถมาก,มีความสามารถมากที่สุด,อันดับที่ 4,อันดับที่ 5,อันดับที่ 5,อันดับที่ 3,อันดับที่ 1,อันดับที่ 1,อันดับที่ 4,อันดับที่ 3,อันดับที่ 4,อันดับที่ 5,อันดับที่ 5,อันดับที่ 4,อันดับที่ 5,อันดับที่ 5,อันดับที่ 5,อันดับที่ 2,อันดับที่ 5,อันดับที่ 5,อันดับที่ 5,อันดับที่ 5,อันดับที่ 5,อันดับที่ 5,อันดับที่ 3,อันดับที่ 5,อันดับที่ 3,อันดับที่ 3,อันดับที่ 4,อันดับที่ 2,อันดับที่ 5,อันดับที่ 1,อันดับที่ 2,อันดับที่ 5,อันดับที่ 5,อันดับที่ 1,อันดับที่ 1,อันดับที่ 1,อันดับที่ 5,อันดับที่ 5,อันดับที่ 4,อันดับที่ 5,อันดับที่ 5,อันดับที่ 5,อันดับที่ 5,อันดับที่ 2,มหาวิทยาลัยธรรมศาสตร์,,มหาวิทยาลัยอัสสัมชัญ
29/10/2020 11:25:39,ชาย,แผนวิทย์-คณิต,มากกว่า 3.00 แต่ไม่เกิน 3.50,กรุงเทพมหานคร,อาชีพด้านภาษา,รัฐบาล,ธุรกิจส่วนตัว,ปริญญาตรี,พนักงานบริษัทเอกชน,สูงกว่าปริญญาตรี,บิดาหรือมารดาถึงแก่กรรม,"ไม่เกิน 40,000 บาท",สำคัญมาก,เป็นกลาง,เป็นกลาง,ค่อนข้างสำคัญ,ค่อนข้างสำคัญ,ค่อนข้างสำคัญ,สำคัญมาก,สำคัญมาก,สำคัญมาก,ค่อนข้างสำคัญ,ค่อนข้างสำคัญ,สำคัญมาก,ค่อนข้างไม่สำคัญ,ค่อนข้างไม่สำคัญ,สำคัญมาก,สนใจปานกลาง,สนในมาก,สนใจน้อยที่สุด,สนในมาก,สนใจมากที่สุด,สนใจมากที่สุด,สนในมาก,สนในมาก,สนใจปานกลาง,สนในมาก,มีความสามารถปานกลาง,มีความสามารถปานกลาง,มีความสามารถปานกลาง,มีความสามารถปานกลาง,มีความสามารถมาก,มีความสามารถน้อย,มีความสามารถมากที่สุด,มีความสามารถมากที่สุด,มีความสามารถมากที่สุด,มีความสามารถมากที่สุด,มีความสามารถมาก,มีความสามารถมาก,อันดับที่ 1,อันดับที่ 1,อันดับที่ 1,อันดับที่ 1,อันดับที่ 1,อันดับที่ 1,อันดับที่ 1,อันดับที่ 2,อันดับที่ 2,อันดับที่ 2,อันดับที่ 2,อันดับที่ 2,อันดับที่ 3,อันดับที่ 3,อันดับที่ 3,อันดับที่ 3,อันดับที่ 3,อันดับที่ 3,อันดับที่ 3,อันดับที่ 3,อันดับที่ 3,อันดับที่ 3,อันดับที่ 4,อันดับที่ 2,อันดับที่ 4,อันดับที่ 4,อันดับที่ 3,อันดับที่ 3,อันดับที่ 3,อันดับที่ 3,อันดับที่ 3,อันดับที่ 2,อันดับที่ 2,อันดับที่ 2,อันดับที่ 2,อันดับที่ 2,อันดับที่ 2,อันดับที่ 2,อันดับที่ 2,อันดับที่ 2,อันดับที่ 2,อันดับที่ 2,อันดับที่ 2,อันดับที่ 2,มหาวิทยาลัยเกษตรศาสตร์,,
29/10/2020 11:30:49,หญิง,แผนศิลป์-ภาษา,มากกว่า 2.00 แต่ไม่เกิน 3.00,กรุงเทพมหานคร,อาชีพด้านเทคโนโลยี,เอกชน,รับราชการ,สูงกว่าปริญญาตรี,รัฐวิสาหกิจ,สูงกว่าปริญญาตรี,อยู่ด้วยกัน,"150,001 - 300,000 บาท",สำคัญมาก,เป็นกลาง,ค่อนข้างสำคัญ,สำคัญมาก,สำคัญมาก,ค่อนข้างสำคัญ,เป็นกลาง,สำคัญมาก,สำคัญมาก,เป็นกลาง,เป็นกลาง,เป็นกลาง,ค่อนข้างสำคัญ,ค่อนข้างสำคัญ,สำคัญมาก,สนใจน้อยที่สุด,สนใจน้อย,สนใจปานกลาง,สนใจปานกลาง,สนใจปานกลาง,สนใจปานกลาง,สนใจน้อย,สนใจปานกลาง,สนใจมากที่สุด,สนในมาก,มีความสามารถมาก,มีความสามารถมาก,มีความสามารถมากที่สุด,มีความสามารถปานกลาง,มีความสามารถมาก,มีความสามารถน้อยที่สุด,มีความสามารถมากที่สุด,มีความสามารถมากที่สุด,มีความสามารถปานกลาง,มีความสามารถมาก,มีความสามารถปานกลาง,มีความสามารถมากที่สุด,อันดับที่ 5,อันดับที่ 5,อันดับที่ 5,อันดับที่ 5,อันดับที่ 4,อันดับที่ 5,อันดับที่ 3,อันดับที่ 1,อันดับที่ 5,อันดับที่ 3,อันดับที่ 5,อันดับที่ 4,อันดับที่ 5,อันดับที่ 4,อันดับที่ 5,อันดับที่ 4,อันดับที่ 5,อันดับที่ 5,อันดับที่ 5,อันดับที่ 5,อันดับที่ 5,อันดับที่ 5,อันดับที่ 5,อันดับที่ 5,อันดับที่ 5,อันดับที่ 2,อันดับที่ 2,อันดับที่ 2,อันดับที่ 3,อันดับที่ 5,อันดับที่ 5,อันดับที่ 3,อันดับที่ 4,อันดับที่ 3,อันดับที่ 3,อันดับที่ 4,อันดับที่ 4,อันดับที่ 4,อันดับที่ 2,อันดับที่ 1,อันดับที่ 1,อันดับที่ 1,อันดับที่ 1,อันดับที่ 1,มหาวิทยาลัยศิลปากร,มหาวิทยาลัยนเรศวร,มหาวิทยาลัยรังสิต
29/10/2020 11:39:29,ชาย,แผนวิทย์-คณิต,มากกว่า 3.50 ขึ้นไป,กรุงเทพมหานคร,อาชีพด้านเทคโนโลยี,เอกชน,รัฐวิสาหกิจ,ปริญญาตรี,รัฐวิสาหกิจ,ปริญญาตรี,แยกกันหรือหย่าร้าง,"100,001 - 150,000 บาท",สำคัญมาก,ค่อนข้างสำคัญ,ค่อนข้างสำคัญ,สำคัญมาก,สำคัญมาก,ค่อนข้างสำคัญ,ค่อนข้างสำคัญ,สำคัญมาก,สำคัญมาก,สำคัญมาก,เป็นกลาง,เป็นกลาง,เป็นกลาง,เป็นกลาง,สำคัญมาก,สนในมาก,สนในมาก,สนใจปานกลาง,สนใจปานกลาง,สนในมาก,สนในมาก,สนในมาก,สนในมาก,สนใจปานกลาง,สนใจปานกลาง,มีความสามารถมาก,มีความสามารถปานกลาง,มีความสามารถมาก,มีความสามารถปานกลาง,มีความสามารถมาก,มีความสามารถมาก,มีความสามารถมาก,มีความสามารถปานกลาง,มีความสามารถมาก,มีความสามารถปานกลาง,มีความสามารถมาก,มีความสามารถมาก,อันดับที่ 2,อันดับที่ 1,อันดับที่ 5,อันดับที่ 3,,,,อันดับที่ 4,อันดับที่ 2,,อันดับที่ 1,,,,,,,,,,,,,,อันดับที่ 3,อันดับที่ 4,,,,,,,,,,,,,อันดับที่ 5,,,,,,มหาวิทยาลัยเกษตรศาสตร์,,
29/10/2020 11:42:52,หญิง,แผนศิลป์-ภาษา,มากกว่า 2.00 แต่ไม่เกิน 3.00,ภาคกลาง,อาชีพค้าขาย,เอกชน,ธุรกิจส่วนตัว,มัธยมศึกษาหรือเทียบเท่า,รับราชการ,ปริญญาตรี,อยู่ด้วยกัน,"มากกว่า 300,000 บาท",สำคัญมาก,ค่อนข้างสำคัญ,ค่อนข้างสำคัญ,สำคัญมาก,สำคัญมาก,สำคัญมาก,สำคัญมาก,สำคัญมาก,สำคัญมาก,เป็นกลาง,ค่อนข้างไม่สำคัญ,สำคัญมาก,ค่อนข้างสำคัญ,สำคัญมาก,สำคัญมาก,สนใจปานกลาง,สนใจปานกลาง,สนใจน้อยที่สุด,สนใจปานกลาง,สนใจมากที่สุด,สนใจมากที่สุด,สนใจปานกลาง,สนในมาก,สนในมาก,สนใจมากที่สุด,มีความสามารถมากที่สุด,มีความสามารถมาก,มีความสามารถมาก,มีความสามารถมาก,มีความสามารถมาก,มีความสามารถมาก,มีความสามารถมาก,มีความสามารถมาก,มีความสามารถมากที่สุด,มีความสามารถมาก,มีความสามารถปานกลาง,มีความสามารถมากที่สุด,อันดับที่ 4,อันดับที่ 4,อันดับที่ 4,อันดับที่ 1,อันดับที่ 1,อันดับที่ 4,อันดับที่ 4,อันดับที่ 2,อันดับที่ 4,อันดับที่ 4,อันดับที่ 4,อันดับที่ 4,อันดับที่ 4,อันดับที่ 4,อันดับที่ 4,อันดับที่ 4,อันดับที่ 4,อันดับที่ 4,อันดับที่ 4,อันดับที่ 4,อันดับที่ 4,อันดับที่ 4,อันดับที่ 4,อันดับที่ 4,อันดับที่ 4,อันดับที่ 1,อันดับที่ 1,อันดับที่ 1,อันดับที่ 3,อันดับที่ 4,อันดับที่ 4,อันดับที่ 4,อันดับที่ 4,อันดับที่ 4,อันดับที่ 4,อันดับที่ 4,อันดับที่ 4,อันดับที่ 4,อันดับที่ 4,อันดับที่ 4,อันดับที่ 4,อันดับที่ 4,อันดับที่ 4,อันดับที่ 4,มหาวิทยาลัยธรรมศาสตร์,,มหาวิทยาลัยกรุงเทพ
29/10/2020 11:43:17,หญิง,แผนศิลป์-คำนวณ,มากกว่า 3.00 แต่ไม่เกิน 3.50,กรุงเทพมหานคร,อาชีพค้าขาย,รัฐบาล,ธุรกิจส่วนตัว,มัธยมศึกษาหรือเทียบเท่า,ธุรกิจส่วนตัว,มัธยมศึกษาหรือเทียบเท่า,อยู่ด้วยกัน,"150,001 - 300,000 บาท",ค่อนข้างสำคัญ,ค่อนข้างสำคัญ,ค่อนข้างสำคัญ,เป็นกลาง,ค่อนข้างสำคัญ,เป็นกลาง,เป็นกลาง,ค่อนข้างสำคัญ,ค่อนข้างสำคัญ,สำคัญมาก,เป็นกลาง,ค่อนข้างสำคัญ,เป็นกลาง,เป็นกลาง,ค่อนข้างสำคัญ,สนในมาก,สนในมาก,สนในมาก,สนในมาก,สนในมาก,สนในมาก,สนในมาก,สนในมาก,สนในมาก,สนใจมากที่สุด,มีความสามารถปานกลาง,มีความสามารถมาก,มีความสามารถปานกลาง,มีความสามารถปานกลาง,มีความสามารถมาก,มีความสามารถปานกลาง,มีความสามารถมากที่สุด,มีความสามารถปานกลาง,มีความสามารถมาก,มีความสามารถมาก,มีความสามารถมาก,มีความสามารถมาก,,,อันดับที่ 1,อันดับที่ 3,อันดับที่ 4,อันดับที่ 5,,อันดับที่ 2,,,,,,อันดับที่ 1,,,อันดับที่ 2,,,,,,,,อันดับที่ 3,,อันดับที่ 5,,อันดับที่ 4,,,,,,,,,,,,,,,,มหาวิทยาลัยเกษตรศาสตร์,,
29/10/2020 11:48:56,หญิง,แผนศิลป์-ภาษา,มากกว่า 3.00 แต่ไม่เกิน 3.50,ภาคกลาง,อาชีพด้านภาษา,เอกชน,ธุรกิจส่วนตัว,ปริญญาตรี,รับจ้าง,มัธยมศึกษาหรือเทียบเท่า,แยกกันหรือหย่าร้าง,"ไม่เกิน 40,000 บาท",ค่อนข้างสำคัญ,ค่อนข้างไม่สำคัญ,เป็นกลาง,เป็นกลาง,เป็นกลาง,ไม่สำคัญ,เป็นกลาง,เป็นกลาง,ค่อนข้างสำคัญ,ค่อนข้างสำคัญ,ค่อนข้างไม่สำคัญ,ค่อนข้างสำคัญ,เป็นกลาง,เป็นกลาง,ค่อนข้างสำคัญ,สนใจน้อยที่สุด,สนใจน้อยที่สุด,สนใจปานกลาง,สนใจน้อย,สนในมาก,สนใจปานกลาง,สนใจน้อย,สนใจปานกลาง,สนในมาก,สนในมาก,มีความสามารถปานกลาง,มีความสามารถปานกลาง,มีความสามารถน้อยที่สุด,มีความสามารถน้อยที่สุด,มีความสามารถน้อยที่สุด,มีความสามารถน้อยที่สุด,มีความสามารถมาก,มีความสามารถปานกลาง,มีความสามารถปานกลาง,มีความสามารถปานกลาง,มีความสามารถปานกลาง,มีความสามารถปานกลาง,อันดับที่ 5,อันดับที่ 5,อันดับที่ 5,อันดับที่ 5,อันดับที่ 2,อันดับที่ 5,อันดับที่ 2,อันดับที่ 2,,,,,,,,อันดับที่ 5,,,,,,,,,,,,,,,,,,อันดับที่ 4,อันดับที่ 3,,อันดับที่ 2,,,,,อันดับที่ 1,,,มหาวิทยาลัยเชียงใหม่,มหาวิทยาลัยในเครือราชภัฏ,มหาวิทยาลัยกรุงเทพ
29/10/2020 11:49:08,หญิง,แผนวิทย์-คณิต,มากกว่า 3.50 ขึ้นไป,ภาคกลาง,อาชีพด้านสาธารณสุข,รัฐบาล,แม่บ้าน,ปริญญาตรี,พนักงานบริษัทเอกชน,ปริญญาตรี,อยู่ด้วยกัน,"40,001 - 100,000 บาท",เป็นกลาง,สำคัญมาก,สำคัญมาก,สำคัญมาก,สำคัญมาก,ค่อนข้างสำคัญ,สำคัญมาก,ค่อนข้างสำคัญ,เป็นกลาง,สำคัญมาก,ค่อนข้างไม่สำคัญ,ค่อนข้างไม่สำคัญ,ค่อนข้างสำคัญ,เป็นกลาง,ค่อนข้างสำคัญ,สนในมาก,สนใจปานกลาง,สนใจน้อยที่สุด,สนใจน้อยที่สุด,สนใจมากที่สุด,สนใจมากที่สุด,สนใจมากที่สุด,สนใจน้อย,สนใจน้อย,สนใจน้อย,มีความสามารถปานกลาง,มีความสามารถมากที่สุด,มีความสามารถปานกลาง,มีความสามารถมาก,มีความสามารถมาก,มีความสามารถมาก,มีความสามารถมากที่สุด,มีความสามารถมากที่สุด,มีความสามารถมาก,มีความสามารถมาก,มีความสามารถมาก,มีความสามารถมาก,อันดับที่ 3,อันดับที่ 2,อันดับที่ 1,อันดับที่ 4,,,,อันดับที่ 5,,,อันดับที่ 3,,,,,,อันดับที่ 1,อันดับที่ 2,,,,,,,,,,,,,,,,อันดับที่ 4,อันดับที่ 5,,,,,,,,,,มหาวิทยาลัยศรีนครินทรวิโรฒ,มหาวิทยาลัยในเครือราชภัฏ,มหาวิทยาลัยรังสิต
29/10/2020 11:58:10,หญิง,แผนศิลป์-ภาษา,มากกว่า 3.50 ขึ้นไป,กรุงเทพมหานคร,อาชีพด้านสื่อสารมวลชน,เอกชน,แม่บ้าน,ปริญญาตรี,รับราชการ,สูงกว่าปริญญาตรี,อยู่ด้วยกัน,"40,001 - 100,000 บาท",สำคัญมาก,สำคัญมาก,เป็นกลาง,สำคัญมาก,สำคัญมาก,ค่อนข้างไม่สำคัญ,เป็นกลาง,สำคัญมาก,สำคัญมาก,เป็นกลาง,ค่อนข้างไม่สำคัญ,ไม่สำคัญ,ค่อนข้างไม่สำคัญ,ค่อนข้างไม่สำคัญ,สำคัญมาก,สนใจน้อยที่สุด,สนใจน้อยที่สุด,สนใจน้อยที่สุด,สนใจน้อยที่สุด,สนในมาก,สนใจน้อย,สนใจน้อยที่สุด,สนใจน้อยที่สุด,สนใจมากที่สุด,สนใจปานกลาง,มีความสามารถมากที่สุด,มีความสามารถปานกลาง,มีความสามารถมากที่สุด,มีความสามารถน้อย,มีความสามารถมากที่สุด,มีความสามารถน้อย,มีความสามารถมากที่สุด,มีความสามารถมาก,มีความสามารถมาก,มีความสามารถน้อย,มีความสามารถมาก,มีความสามารถมาก,อันดับที่ 5,อันดับที่ 5,อันดับที่ 5,อันดับที่ 5,อันดับที่ 4,อันดับที่ 5,อันดับที่ 5,อันดับที่ 1,อันดับที่ 5,อันดับที่ 5,อันดับที่ 5,อันดับที่ 5,อันดับที่ 5,อันดับที่ 5,อันดับที่ 5,อันดับที่ 5,อันดับที่ 5,อันดับที่ 5,อันดับที่ 5,อันดับที่ 5,อันดับที่ 5,อันดับที่ 5,อันดับที่ 5,อันดับที่ 5,อันดับที่ 5,อันดับที่ 5,อันดับที่ 5,อันดับที่ 5,อันดับที่ 5,อันดับที่ 5,อันดับที่ 5,อันดับที่ 2,อันดับที่ 5,อันดับที่ 5,อันดับที่ 5,อันดับที่ 5,อันดับที่ 5,อันดับที่ 5,อันดับที่ 3,อันดับที่ 1,อันดับที่ 1,อันดับที่ 1,อันดับที่ 1,อันดับที่ 1,สถาบันเทคโนโลยีพระจอมเกล้าเจ้าคุณทหารลาดกระบัง,,
29/10/2020 11:58:21,หญิง,แผนวิทย์-คณิต,มากกว่า 3.00 แต่ไม่เกิน 3.50,กรุงเทพมหานคร,อาชีพด้านการศึกษา,รัฐบาล,แม่บ้าน,ปริญญาตรี,รับราชการ,ปริญญาตรี,อยู่ด้วยกัน,"40,001 - 100,000 บาท",สำคัญมาก,ค่อนข้างสำคัญ,ค่อนข้างสำคัญ,สำคัญมาก,สำคัญมาก,เป็นกลาง,ค่อนข้างไม่สำคัญ,ค่อนข้างสำคัญ,สำคัญมาก,ค่อนข้างสำคัญ,ไม่สำคัญ,ค่อนข้างไม่สำคัญ,ไม่สำคัญ,ไม่สำคัญ,ค่อนข้างสำคัญ,สนใจน้อยที่สุด,สนใจปานกลาง,สนในมาก,สนใจมากที่สุด,สนใจมากที่สุด,สนใจปานกลาง,สนใจปานกลาง,สนในมาก,สนในมาก,สนใจปานกลาง,มีความสามารถมาก,มีความสามารถมาก,มีความสามารถปานกลาง,มีความสามารถน้อย,มีความสามารถน้อย,มีความสามารถน้อยที่สุด,มีความสามารถมาก,มีความสามารถมาก,มีความสามารถมาก,มีความสามารถมาก,มีความสามารถมากที่สุด,มีความสามารถมากที่สุด,อันดับที่ 5,อันดับที่ 5,อันดับที่ 5,อันดับที่ 5,อันดับที่ 2,อันดับที่ 1,อันดับที่ 3,อันดับที่ 2,อันดับที่ 5,อันดับที่ 5,อันดับที่ 5,อันดับที่ 4,อันดับที่ 2,อันดับที่ 5,อันดับที่ 5,อันดับที่ 3,อันดับที่ 5,อันดับที่ 5,อันดับที่ 5,อันดับที่ 5,อันดับที่ 5,อันดับที่ 5,อันดับที่ 5,อันดับที่ 5,อันดับที่ 5,อันดับที่ 3,อันดับที่ 5,อันดับที่ 5,อันดับที่ 5,อันดับที่ 5,อันดับที่ 5,อันดับที่ 1,อันดับที่ 2,อันดับที่ 5,อันดับที่ 5,อันดับที่ 5,อันดับที่ 5,อันดับที่ 5,อันดับที่ 3,อันดับที่ 3,อันดับที่ 4,อันดับที่ 4,อันดับที่ 2,อันดับที่ 3,มหาวิทยาลัยธรรมศาสตร์,,
29/10/2020 12:06:15,หญิง,แผนวิทย์-คณิต,มากกว่า 3.50 ขึ้นไป,กรุงเทพมหานคร,อาชีพด้านสาธารณสุข,รัฐบาล,พนักงานบริษัทเอกชน,ปริญญาตรี,พนักงานบริษัทเอกชน,ปริญญาตรี,อยู่ด้วยกัน,"มากกว่า 300,000 บาท",ค่อนข้างสำคัญ,ค่อนข้างสำคัญ,ค่อนข้างสำคัญ,ค่อนข้างสำคัญ,สำคัญมาก,ค่อนข้างสำคัญ,สำคัญมาก,เป็นกลาง,ค่อนข้างสำคัญ,สำคัญมาก,ค่อนข้างไม่สำคัญ,ค่อนข้างสำคัญ,เป็นกลาง,ค่อนข้างสำคัญ,ค่อนข้างสำคัญ,สนในมาก,สนในมาก,สนใจมากที่สุด,สนใจปานกลาง,สนใจมากที่สุด,สนใจปานกลาง,สนในมาก,สนใจปานกลาง,สนใจปานกลาง,สนในมาก,มีความสามารถน้อย,มีความสามารถมาก,มีความสามารถน้อย,มีความสามารถน้อยที่สุด,มีความสามารถน้อยที่สุด,มีความสามารถปานกลาง,มีความสามารถปานกลาง,มีความสามารถมาก,มีความสามารถมาก,มีความสามารถปานกลาง,มีความสามารถปานกลาง,มีความสามารถมาก,อันดับที่ 3,,อันดับที่ 1,อันดับที่ 2,อันดับที่ 5,,,อันดับที่ 4,อันดับที่ 4,,,,,,,,,,,อันดับที่ 1,,อันดับที่ 2,,,อันดับที่ 3,,,,,,,,,,อันดับที่ 5,,,,,,,,,,มหาวิทยาลัยมหิดล,,
29/10/2020 12:16:43,หญิง,แผนวิทย์-คณิต,มากกว่า 3.00 แต่ไม่เกิน 3.50,กรุงเทพมหานคร,อาชีพด้านเทคโนโลยี,รัฐบาล,แม่บ้าน,ปริญญาตรี,รับราชการ,สูงกว่าปริญญาตรี,อยู่ด้วยกัน,"มากกว่า 300,000 บาท",ค่อนข้างสำคัญ,ค่อนข้างสำคัญ,ค่อนข้างสำคัญ,ค่อนข้างสำคัญ,ค่อนข้างสำคัญ,เป็นกลาง,เป็นกลาง,ค่อนข้างสำคัญ,สำคัญมาก,สำคัญมาก,ค่อนข้างสำคัญ,เป็นกลาง,เป็นกลาง,เป็นกลาง,เป็นกลาง,สนใจปานกลาง,สนในมาก,สนใจน้อย,สนใจน้อย,สนใจมากที่สุด,สนใจปานกลาง,สนใจน้อย,สนใจน้อย,สนในมาก,สนใจมากที่สุด,มีความสามารถปานกลาง,มีความสามารถมาก,มีความสามารถปานกลาง,มีความสามารถมาก,มีความสามารถมาก,มีความสามารถปานกลาง,มีความสามารถมาก,มีความสามารถมาก,มีความสามารถมาก,มีความสามารถมาก,มีความสามารถปานกลาง,มีความสามารถมาก,อันดับที่ 3,อันดับที่ 1,อันดับที่ 2,อันดับที่ 4,อันดับที่ 1,อันดับที่ 3,อันดับที่ 5,อันดับที่ 3,อันดับที่ 4,อันดับที่ 4,อันดับที่ 1,อันดับที่ 4,อันดับที่ 5,อันดับที่ 1,อันดับที่ 5,อันดับที่ 2,อันดับที่ 4,อันดับที่ 4,อันดับที่ 4,อันดับที่ 4,อันดับที่ 4,อันดับที่ 4,อันดับที่ 4,อันดับที่ 4,อันดับที่ 5,อันดับที่ 2,อันดับที่ 2,อันดับที่ 2,อันดับที่ 4,อันดับที่ 3,อันดับที่ 5,อันดับที่ 3,อันดับที่ 5,อันดับที่ 1,อันดับที่ 1,อันดับที่ 1,อันดับที่ 5,อันดับที่ 4,อันดับที่ 4,อันดับที่ 3,อันดับที่ 3,อันดับที่ 3,อันดับที่ 3,อันดับที่ 4,มหาวิทยาลัยเกษตรศาสตร์,มหาวิทยาลัยรามคำแหง,มหาวิทยาลัยกรุงเทพ
29/10/2020 12:30:26,ชาย,แผนศิลป์-คำนวณ,มากกว่า 2.00 แต่ไม่เกิน 3.00,กรุงเทพมหานคร,อาชีพค้าขาย,รัฐบาล,ธุรกิจส่วนตัว,สูงกว่าปริญญาตรี,พนักงานบริษัทเอกชน,สูงกว่าปริญญาตรี,อยู่ด้วยกัน,"150,001 - 300,000 บาท",สำคัญมาก,เป็นกลาง,สำคัญมาก,สำคัญมาก,เป็นกลาง,ค่อนข้างสำคัญ,สำคัญมาก,สำคัญมาก,สำคัญมาก,เป็นกลาง,ค่อนข้างไม่สำคัญ,ไม่สำคัญ,ไม่สำคัญ,ค่อนข้างไม่สำคัญ,สำคัญมาก,สนใจปานกลาง,สนใจน้อย,สนใจน้อย,สนในมาก,สนใจมากที่สุด,สนใจมากที่สุด,สนในมาก,สนในมาก,สนใจมากที่สุด,สนใจมากที่สุด,มีความสามารถมากที่สุด,มีความสามารถมากที่สุด,มีความสามารถมากที่สุด,มีความสามารถน้อย,มีความสามารถน้อย,มีความสามารถมาก,มีความสามารถมากที่สุด,มีความสามารถมากที่สุด,มีความสามารถมาก,มีความสามารถมากที่สุด,มีความสามารถมาก,มีความสามารถมากที่สุด,อันดับที่ 4,อันดับที่ 3,อันดับที่ 2,อันดับที่ 1,อันดับที่ 3,อันดับที่ 3,อันดับที่ 3,อันดับที่ 3,อันดับที่ 5,อันดับที่ 5,อันดับที่ 5,อันดับที่ 4,อันดับที่ 4,อันดับที่ 4,อันดับที่ 3,อันดับที่ 1,อันดับที่ 5,อันดับที่ 5,อันดับที่ 5,อันดับที่ 5,อันดับที่ 5,อันดับที่ 5,อันดับที่ 5,อันดับที่ 4,อันดับที่ 2,อันดับที่ 1,อันดับที่ 1,อันดับที่ 1,อันดับที่ 1,อันดับที่ 2,อันดับที่ 2,อันดับที่ 3,อันดับที่ 2,อันดับที่ 2,อันดับที่ 2,อันดับที่ 3,อันดับที่ 4,อันดับที่ 4,อันดับที่ 4,อันดับที่ 3,อันดับที่ 5,อันดับที่ 5,อันดับที่ 5,อันดับที่ 5,มหาวิทยาลัยเกษตรศาสตร์,มหาวิทยาลัยรามคำแหง,มหาวิทยาลัยกรุงเทพ
29/10/2020 12:45:56,หญิง,แผนวิทย์-คณิต,มากกว่า 3.50 ขึ้นไป,กรุงเทพมหานคร,อาชีพค้าขาย,รัฐบาล,แม่บ้าน,ปริญญาตรี,รับราชการ,สูงกว่าปริญญาตรี,อยู่ด้วยกัน,"40,001 - 100,000 บาท",สำคัญมาก,ค่อนข้างสำคัญ,เป็นกลาง,สำคัญมาก,ค่อนข้างสำคัญ,ค่อนข้างไม่สำคัญ,เป็นกลาง,เป็นกลาง,สำคัญมาก,เป็นกลาง,ค่อนข้างสำคัญ,ไม่สำคัญ,ค่อนข้างไม่สำคัญ,ไม่สำคัญ,สำคัญมาก,สนใจปานกลาง,สนใจน้อย,สนใจน้อยที่สุด,สนใจน้อยที่สุด,สนใจมากที่สุด,สนใจปานกลาง,สนในมาก,สนใจน้อยที่สุด,สนใจมากที่สุด,สนใจมากที่สุด,มีความสามารถปานกลาง,มีความสามารถน้อยที่สุด,มีความสามารถมากที่สุด,มีความสามารถน้อยที่สุด,มีความสามารถน้อยที่สุด,มีความสามารถปานกลาง,มีความสามารถน้อย,มีความสามารถมาก,มีความสามารถมาก,มีความสามารถมากที่สุด,มีความสามารถน้อย,มีความสามารถปานกลาง,อันดับที่ 4,อันดับที่ 5,อันดับที่ 2,,อันดับที่ 3,,,อันดับที่ 1,,,,,,,,,,,,,,,,,,,,,,,,,,,อันดับที่ 5,,,,อันดับที่ 1,,อันดับที่ 4,อันดับที่ 3,,อันดับที่ 2,จุฬาลงกรณ์มหาวิทยาลัย,,
29/10/2020 13:12:08,ชาย,แผนวิทย์-คณิต,มากกว่า 2.00 แต่ไม่เกิน 3.00,ภาคกลาง,อาชีพที่เกี่ยวข้องกับด้านพลังงาน,เอกชน,ธุรกิจส่วนตัว,ปริญญาตรี,ธุรกิจส่วนตัว,สูงกว่าปริญญาตรี,อยู่ด้วยกัน,"100,001 - 150,000 บาท",ค่อนข้างสำคัญ,เป็นกลาง,ค่อนข้างสำคัญ,สำคัญมาก,ค่อนข้างสำคัญ,ค่อนข้างสำคัญ,ค่อนข้างสำคัญ,ค่อนข้างสำคัญ,ค่อนข้างสำคัญ,เป็นกลาง,เป็นกลาง,ค่อนข้างสำคัญ,เป็นกลาง,เป็นกลาง,สำคัญมาก,สนใจปานกลาง,สนใจมากที่สุด,สนใจปานกลาง,สนใจปานกลาง,สนใจมากที่สุด,สนใจมากที่สุด,สนในมาก,สนใจปานกลาง,สนใจน้อย,สนในมาก,มีความสามารถมาก,มีความสามารถปานกลาง,มีความสามารถปานกลาง,มีความสามารถปานกลาง,มีความสามารถปานกลาง,มีความสามารถปานกลาง,มีความสามารถมาก,มีความสามารถมาก,มีความสามารถมาก,มีความสามารถปานกลาง,มีความสามารถมาก,มีความสามารถมาก,อันดับที่ 2,อันดับที่ 1,อันดับที่ 4,อันดับที่ 5,อันดับที่ 5,อันดับที่ 5,อันดับที่ 5,อันดับที่ 4,อันดับที่ 2,อันดับที่ 3,อันดับที่ 1,อันดับที่ 4,อันดับที่ 5,อันดับที่ 5,อันดับที่ 4,อันดับที่ 5,อันดับที่ 5,อันดับที่ 5,อันดับที่ 5,อันดับที่ 5,,อันดับที่ 5,อันดับที่ 5,อันดับที่ 3,อันดับที่ 5,อันดับที่ 5,อันดับที่ 5,อันดับที่ 5,อันดับที่ 5,อันดับที่ 5,อันดับที่ 5,อันดับที่ 5,อันดับที่ 5,อันดับที่ 5,อันดับที่ 5,อันดับที่ 5,อันดับที่ 5,อันดับที่ 5,อันดับที่ 5,อันดับที่ 5,อันดับที่ 5,อันดับที่ 5,อันดับที่ 5,อันดับที่ 5,มหาวิทยาลัยเกษตรศาสตร์,,มหาวิทยาลัยกรุงเทพ
29/10/2020 13:21:30,หญิง,แผนศิลป์-คำนวณ,มากกว่า 2.00 แต่ไม่เกิน 3.00,กรุงเทพมหานคร,อาชีพค้าขาย,รัฐบาล,ธุรกิจส่วนตัว,ปริญญาตรี,ธุรกิจส่วนตัว,มัธยมศึกษาหรือเทียบเท่า,อยู่ด้วยกัน,"มากกว่า 300,000 บาท",สำคัญมาก,สำคัญมาก,สำคัญมาก,สำคัญมาก,สำคัญมาก,สำคัญมาก,สำคัญมาก,สำคัญมาก,สำคัญมาก,สำคัญมาก,สำคัญมาก,สำคัญมาก,สำคัญมาก,สำคัญมาก,สำคัญมาก,สนใจมากที่สุด,สนใจมากที่สุด,สนใจมากที่สุด,สนใจมากที่สุด,สนใจมากที่สุด,สนใจมากที่สุด,สนใจมากที่สุด,สนใจมากที่สุด,สนใจมากที่สุด,สนใจมากที่สุด,มีความสามารถมากที่สุด,มีความสามารถมากที่สุด,มีความสามารถมากที่สุด,มีความสามารถมากที่สุด,มีความสามารถมากที่สุด,มีความสามารถมากที่สุด,มีความสามารถมากที่สุด,มีความสามารถมากที่สุด,มีความสามารถมากที่สุด,มีความสามารถมากที่สุด,มีความสามารถมากที่สุด,มีความสามารถมากที่สุด,,,อันดับที่ 5,อันดับที่ 1,อันดับที่ 3,อันดับที่ 2,,อันดับที่ 4,,,,,,,,,,,,,,,,,อันดับที่ 4,อันดับที่ 1,อันดับที่ 3,,อันดับที่ 2,,อันดับที่ 5,,,,,,,,,,,,,,มหาวิทยาลัยมหิดล,,
29/10/2020 13:26:55,หญิง,แผนวิทย์-คณิต,มากกว่า 3.50 ขึ้นไป,กรุงเทพมหานคร,อาชีพด้านสาธารณสุข,เอกชน,ธุรกิจส่วนตัว,ปริญญาตรี,ธุรกิจส่วนตัว,ปริญญาตรี,อยู่ด้วยกัน,"150,001 - 300,000 บาท",ค่อนข้างสำคัญ,เป็นกลาง,ค่อนข้างสำคัญ,สำคัญมาก,สำคัญมาก,ค่อนข้างสำคัญ,สำคัญมาก,สำคัญมาก,เป็นกลาง,ค่อนข้างสำคัญ,เป็นกลาง,เป็นกลาง,เป็นกลาง,เป็นกลาง,เป็นกลาง,สนใจปานกลาง,สนใจปานกลาง,สนใจน้อย,สนใจน้อยที่สุด,สนใจปานกลาง,สนใจน้อย,สนในมาก,สนใจปานกลาง,สนใจปานกลาง,สนใจปานกลาง,มีความสามารถปานกลาง,มีความสามารถปานกลาง,มีความสามารถปานกลาง,มีความสามารถปานกลาง,มีความสามารถมาก,มีความสามารถปานกลาง,มีความสามารถมาก,มีความสามารถมาก,มีความสามารถมาก,มีความสามารถมาก,มีความสามารถมาก,มีความสามารถมาก,อันดับที่ 2,อันดับที่ 3,อันดับที่ 1,อันดับที่ 4,,,อันดับที่ 5,,อันดับที่ 5,,,,,,,อันดับที่ 4,อันดับที่ 1,อันดับที่ 2,,อันดับที่ 3,,,,,,,,,,,,,,,,,,,,,,,,,มหาวิทยาลัยมหิดล,มหาวิทยาลัยสุโขทัยธรรมมาธิราช,มหาวิทยาลัยรังสิต
29/10/2020 13:29:45,หญิง,แผนศิลป์-คำนวณ,มากกว่า 3.00 แต่ไม่เกิน 3.50,กรุงเทพมหานคร,อาชีพด้านสาธารณสุข,รัฐบาล,ธุรกิจส่วนตัว,สูงกว่าปริญญาตรี,ธุรกิจส่วนตัว,สูงกว่าปริญญาตรี,แยกกันหรือหย่าร้าง,"มากกว่า 300,000 บาท",เป็นกลาง,ค่อนข้างสำคัญ,ค่อนข้างไม่สำคัญ,สำคัญมาก,ไม่สำคัญ,ไม่สำคัญ,ไม่สำคัญ,เป็นกลาง,สำคัญมาก,ค่อนข้างไม่สำคัญ,ไม่สำคัญ,ไม่สำคัญ,ไม่สำคัญ,ไม่สำคัญ,สำคัญมาก,สนใจน้อยที่สุด,สนใจน้อยที่สุด,สนใจปานกลาง,สนในมาก,สนใจมากที่สุด,สนใจปานกลาง,สนใจน้อย,สนใจมากที่สุด,สนใจปานกลาง,สนใจมากที่สุด,มีความสามารถปานกลาง,มีความสามารถมาก,มีความสามารถน้อย,มีความสามารถน้อยที่สุด,มีความสามารถมาก,มีความสามารถน้อยที่สุด,มีความสามารถมาก,มีความสามารถมากที่สุด,มีความสามารถมากที่สุด,มีความสามารถน้อยที่สุด,มีความสามารถปานกลาง,มีความสามารถมากที่สุด,อันดับที่ 5,อันดับที่ 5,อันดับที่ 3,อันดับที่ 3,อันดับที่ 2,อันดับที่ 4,อันดับที่ 2,อันดับที่ 4,อันดับที่ 5,อันดับที่ 5,อันดับที่ 5,อันดับที่ 5,อันดับที่ 5,อันดับที่ 3,อันดับที่ 5,อันดับที่ 1,อันดับที่ 2,อันดับที่ 5,อันดับที่ 4,อันดับที่ 5,อันดับที่ 5,อันดับที่ 5,อันดับที่ 5,อันดับที่ 5,อันดับที่ 5,อันดับที่ 2,อันดับที่ 5,อันดับที่ 5,อันดับที่ 5,อันดับที่ 5,อันดับที่ 5,อันดับที่ 5,อันดับที่ 2,อันดับที่ 2,อันดับที่ 2,อันดับที่ 2,อันดับที่ 5,อันดับที่ 5,อันดับที่ 5,อันดับที่ 5,อันดับที่ 5,อันดับที่ 5,อันดับที่ 5,อันดับที่ 5,มหาวิทยาลัยศรีนครินทรวิโรฒ,มหาวิทยาลัยรามคำแหง,มหาวิทยาลัยกรุงเทพ
29/10/2020 13:49:37,หญิง,แผนศิลป์-คำนวณ,มากกว่า 3.00 แต่ไม่เกิน 3.50,ภาคกลาง,อาชีพค้าขาย,เอกชน,แม่บ้าน,สูงกว่าปริญญาตรี,ธุรกิจส่วนตัว,สูงกว่าปริญญาตรี,แยกกันหรือหย่าร้าง,"มากกว่า 300,000 บาท",สำคัญมาก,ค่อนข้างสำคัญ,ค่อนข้างสำคัญ,สำคัญมาก,เป็นกลาง,ค่อนข้างสำคัญ,เป็นกลาง,สำคัญมาก,สำคัญมาก,ไม่สำคัญ,ค่อนข้างไม่สำคัญ,ค่อนข้างไม่สำคัญ,ค่อนข้างไม่สำคัญ,ค่อนข้างไม่สำคัญ,ค่อนข้างสำคัญ,สนใจน้อยที่สุด,สนใจน้อยที่สุด,สนใจน้อยที่สุด,สนใจปานกลาง,สนในมาก,สนใจปานกลาง,สนใจปานกลาง,สนใจปานกลาง,สนใจมากที่สุด,สนใจมากที่สุด,มีความสามารถปานกลาง,มีความสามารถปานกลาง,มีความสามารถมากที่สุด,มีความสามารถปานกลาง,มีความสามารถมาก,มีความสามารถปานกลาง,มีความสามารถมาก,มีความสามารถปานกลาง,มีความสามารถปานกลาง,มีความสามารถปานกลาง,มีความสามารถมากที่สุด,มีความสามารถมากที่สุด,อันดับที่ 5,อันดับที่ 4,อันดับที่ 2,อันดับที่ 5,อันดับที่ 1,อันดับที่ 4,อันดับที่ 3,อันดับที่ 1,อันดับที่ 5,อันดับที่ 5,อันดับที่ 5,อันดับที่ 4,อันดับที่ 5,อันดับที่ 5,อันดับที่ 5,อันดับที่ 3,อันดับที่ 5,อันดับที่ 5,อันดับที่ 4,อันดับที่ 5,อันดับที่ 5,อันดับที่ 5,อันดับที่ 4,อันดับที่ 5,อันดับที่ 5,อันดับที่ 4,อันดับที่ 5,อันดับที่ 4,อันดับที่ 5,อันดับที่ 5,อันดับที่ 5,อันดับที่ 2,อันดับที่ 2,อันดับที่ 3,อันดับที่ 3,อันดับที่ 3,อันดับที่ 4,อันดับที่ 4,อันดับที่ 1,อันดับที่ 1,อันดับที่ 1,อันดับที่ 1,อันดับที่ 1,อันดับที่ 2,,,มหาวิทยาลัยรังสิต
29/10/2020 13:57:59,ชาย,แผนศิลป์-คำนวณ,มากกว่า 2.00 แต่ไม่เกิน 3.00,กรุงเทพมหานคร,อาชีพค้าขาย,รัฐบาล,แม่บ้าน,ประถมศึกษาหรือต่ำกว่า,รับจ้าง,มัธยมศึกษาหรือเทียบเท่า,อยู่ด้วยกัน,"ไม่เกิน 40,000 บาท",ค่อนข้างสำคัญ,ค่อนข้างไม่สำคัญ,สำคัญมาก,ค่อนข้างสำคัญ,สำคัญมาก,ค่อนข้างสำคัญ,สำคัญมาก,ค่อนข้างสำคัญ,สำคัญมาก,สำคัญมาก,ไม่สำคัญ,เป็นกลาง,ไม่สำคัญ,ค่อนข้างไม่สำคัญ,สำคัญมาก,สนใจน้อย,สนใจปานกลาง,สนใจปานกลาง,สนใจมากที่สุด,สนใจน้อยที่สุด,สนใจน้อย,สนใจมากที่สุด,สนใจมากที่สุด,สนใจปานกลาง,สนใจมากที่สุด,มีความสามารถปานกลาง,มีความสามารถมาก,มีความสามารถน้อย,มีความสามารถมากที่สุด,มีความสามารถปานกลาง,มีความสามารถปานกลาง,มีความสามารถมากที่สุด,มีความสามารถมาก,มีความสามารถน้อย,มีความสามารถมาก,มีความสามารถน้อย,มีความสามารถน้อย,อันดับที่ 2,อันดับที่ 4,อันดับที่ 1,อันดับที่ 2,อันดับที่ 3,อันดับที่ 1,อันดับที่ 5,อันดับที่ 5,อันดับที่ 2,อันดับที่ 3,,อันดับที่ 1,อันดับที่ 4,อันดับที่ 5,อันดับที่ 1,อันดับที่ 1,อันดับที่ 5,อันดับที่ 5,อันดับที่ 2,อันดับที่ 3,อันดับที่ 3,อันดับที่ 4,อันดับที่ 1,อันดับที่ 5,อันดับที่ 3,อันดับที่ 2,อันดับที่ 3,อันดับที่ 2,อันดับที่ 2,อันดับที่ 1,อันดับที่ 3,อันดับที่ 2,อันดับที่ 1,อันดับที่ 4,อันดับที่ 4,อันดับที่ 4,อันดับที่ 4,อันดับที่ 4,อันดับที่ 4,อันดับที่ 4,อันดับที่ 4,อันดับที่ 4,อันดับที่ 4,อันดับที่ 3,มหาวิทยาลัยเกษตรศาสตร์,มหาวิทยาลัยในเครือราชภัฏ,มหาวิทยาลัยรังสิต
29/10/2020 14:28:04,หญิง,แผนวิทย์-คณิต,มากกว่า 3.50 ขึ้นไป,ภาคกลาง,อาชีพด้านสาธารณสุข,รัฐบาล,พนักงานบริษัทเอกชน,สูงกว่าปริญญาตรี,พนักงานบริษัทเอกชน,สูงกว่าปริญญาตรี,อยู่ด้วยกัน,"100,001 - 150,000 บาท",สำคัญมาก,สำคัญมาก,สำคัญมาก,สำคัญมาก,เป็นกลาง,สำคัญมาก,ค่อนข้างสำคัญ,สำคัญมาก,สำคัญมาก,สำคัญมาก,ค่อนข้างสำคัญ,สำคัญมาก,ค่อนข้างสำคัญ,ค่อนข้างสำคัญ,สำคัญมาก,สนใจปานกลาง,สนใจปานกลาง,สนใจปานกลาง,สนใจปานกลาง,สนใจปานกลาง,สนใจปานกลาง,สนใจปานกลาง,สนในมาก,สนใจปานกลาง,สนในมาก,มีความสามารถปานกลาง,มีความสามารถมาก,มีความสามารถน้อย,มีความสามารถน้อย,มีความสามารถน้อย,มีความสามารถปานกลาง,มีความสามารถปานกลาง,มีความสามารถปานกลาง,มีความสามารถปานกลาง,มีความสามารถปานกลาง,มีความสามารถน้อย,มีความสามารถน้อย,อันดับที่ 4,อันดับที่ 5,อันดับที่ 1,อันดับที่ 2,อันดับที่ 5,อันดับที่ 2,อันดับที่ 5,อันดับที่ 5,อันดับที่ 3,อันดับที่ 4,อันดับที่ 5,อันดับที่ 5,อันดับที่ 5,อันดับที่ 1,อันดับที่ 5,อันดับที่ 2,อันดับที่ 1,อันดับที่ 1,อันดับที่ 5,อันดับที่ 1,อันดับที่ 2,อันดับที่ 2,อันดับที่ 2,อันดับที่ 2,อันดับที่ 2,อันดับที่ 2,อันดับที่ 3,อันดับที่ 3,อันดับที่ 2,อันดับที่ 2,อันดับที่ 2,อันดับที่ 4,อันดับที่ 4,อันดับที่ 5,อันดับที่ 5,อันดับที่ 5,อันดับที่ 5,อันดับที่ 5,อันดับที่ 5,อันดับที่ 5,อันดับที่ 5,อันดับที่ 5,อันดับที่ 5,อันดับที่ 5,จุฬาลงกรณ์มหาวิทยาลัย,,
29/10/2020 15:18:47,หญิง,แผนศิลป์-คำนวณ,มากกว่า 3.50 ขึ้นไป,กรุงเทพมหานคร,อาชีพด้านเทคโนโลยี,เอกชน,พนักงานบริษัทเอกชน,ปริญญาตรี,รัฐวิสาหกิจ,ปริญญาตรี,อยู่ด้วยกัน,"150,001 - 300,000 บาท",สำคัญมาก,ค่อนข้างสำคัญ,สำคัญมาก,สำคัญมาก,สำคัญมาก,เป็นกลาง,สำคัญมาก,เป็นกลาง,สำคัญมาก,สำคัญมาก,เป็นกลาง,เป็นกลาง,เป็นกลาง,เป็นกลาง,สำคัญมาก,สนในมาก,สนใจน้อยที่สุด,สนใจมากที่สุด,สนในมาก,สนใจปานกลาง,สนในมาก,สนในมาก,สนใจปานกลาง,สนใจมากที่สุด,สนใจน้อย,มีความสามารถมาก,มีความสามารถมาก,มีความสามารถมาก,มีความสามารถน้อย,มีความสามารถปานกลาง,มีความสามารถปานกลาง,มีความสามารถมาก,มีความสามารถปานกลาง,มีความสามารถมาก,มีความสามารถมาก,มีความสามารถมาก,มีความสามารถปานกลาง,อันดับที่ 5,อันดับที่ 1,,อันดับที่ 2,,อันดับที่ 3,,อันดับที่ 4,,อันดับที่ 1,,,,,,,,,,,,,,,อันดับที่ 2,,,,,อันดับที่ 3,อันดับที่ 4,,,,,อันดับที่ 5,,,,,,,,,มหาวิทยาลัยธรรมศาสตร์,,
29/10/2020 16:05:39,ชาย,แผนศิลป์-คำนวณ,มากกว่า 2.00 แต่ไม่เกิน 3.00,กรุงเทพมหานคร,อาชีพค้าขาย,รัฐบาล,ธุรกิจส่วนตัว,สูงกว่าปริญญาตรี,พนักงานบริษัทเอกชน,สูงกว่าปริญญาตรี,อยู่ด้วยกัน,"150,001 - 300,000 บาท",สำคัญมาก,เป็นกลาง,สำคัญมาก,สำคัญมาก,เป็นกลาง,ค่อนข้างสำคัญ,สำคัญมาก,สำคัญมาก,สำคัญมาก,เป็นกลาง,ค่อนข้างไม่สำคัญ,ไม่สำคัญ,ไม่สำคัญ,ค่อนข้างไม่สำคัญ,สำคัญมาก,สนใจปานกลาง,สนใจน้อย,สนใจน้อย,สนในมาก,สนใจมากที่สุด,สนใจมากที่สุด,สนในมาก,สนในมาก,สนใจมากที่สุด,สนใจมากที่สุด,มีความสามารถมากที่สุด,มีความสามารถมากที่สุด,มีความสามารถมากที่สุด,มีความสามารถน้อย,มีความสามารถน้อย,มีความสามารถมาก,มีความสามารถมากที่สุด,มีความสามารถมากที่สุด,มีความสามารถมาก,มีความสามารถมากที่สุด,มีความสามารถมาก,มีความสามารถมากที่สุด,อันดับที่ 4,อันดับที่ 3,อันดับที่ 2,อันดับที่ 1,อันดับที่ 3,อันดับที่ 3,อันดับที่ 3,อันดับที่ 3,อันดับที่ 5,อันดับที่ 5,อันดับที่ 5,อันดับที่ 4,อันดับที่ 4,อันดับที่ 4,อันดับที่ 3,อันดับที่ 1,อันดับที่ 5,อันดับที่ 5,อันดับที่ 5,อันดับที่ 5,อันดับที่ 5,อันดับที่ 5,อันดับที่ 5,อันดับที่ 4,อันดับที่ 2,อันดับที่ 1,อันดับที่ 1,อันดับที่ 1,อันดับที่ 1,อันดับที่ 2,อันดับที่ 2,อันดับที่ 3,อันดับที่ 2,อันดับที่ 2,อันดับที่ 2,อันดับที่ 3,อันดับที่ 4,อันดับที่ 4,อันดับที่ 4,อันดับที่ 3,อันดับที่ 5,อันดับที่ 5,อันดับที่ 5,อันดับที่ 5,มหาวิทยาลัยเกษตรศาสตร์,มหาวิทยาลัยรามคำแหง,มหาวิทยาลัยกรุงเทพ
29/10/2020 16:17:15,หญิง,แผนศิลป์-ภาษา,มากกว่า 3.00 แต่ไม่เกิน 3.50,กรุงเทพมหานคร,อาชีพด้านภาษา,เอกชน,ธุรกิจส่วนตัว,มัธยมศึกษาหรือเทียบเท่า,ธุรกิจส่วนตัว,มัธยมศึกษาหรือเทียบเท่า,อยู่ด้วยกัน,"100,001 - 150,000 บาท",สำคัญมาก,ค่อนข้างสำคัญ,ค่อนข้างสำคัญ,สำคัญมาก,สำคัญมาก,สำคัญมาก,สำคัญมาก,ค่อนข้างสำคัญ,สำคัญมาก,สำคัญมาก,ค่อนข้างสำคัญ,สำคัญมาก,ค่อนข้างสำคัญ,ค่อนข้างสำคัญ,สำคัญมาก,สนใจปานกลาง,สนใจน้อย,สนใจปานกลาง,สนในมาก,สนใจมากที่สุด,สนในมาก,สนในมาก,สนในมาก,สนในมาก,สนในมาก,มีความสามารถมาก,มีความสามารถมาก,มีความสามารถมาก,มีความสามารถปานกลาง,มีความสามารถปานกลาง,มีความสามารถมาก,มีความสามารถมาก,มีความสามารถมาก,มีความสามารถมาก,มีความสามารถมาก,มีความสามารถมาก,มีความสามารถมาก,อันดับที่ 5,อันดับที่ 5,อันดับที่ 5,อันดับที่ 4,อันดับที่ 1,อันดับที่ 2,อันดับที่ 3,อันดับที่ 4,,,,,,,,,,,,,,,,,อันดับที่ 5,อันดับที่ 4,อันดับที่ 3,,,,,,อันดับที่ 1,,อันดับที่ 2,,,,,,,,,,มหาวิทยาลัยเกษตรศาสตร์,,มหาวิทยาลัยกรุงเทพ
29/10/2020 19:06:16,หญิง,แผนวิทย์-คณิต,มากกว่า 3.00 แต่ไม่เกิน 3.50,กรุงเทพมหานคร,อาชีพด้านสื่อสารมวลชน,เอกชน,แม่บ้าน,ปริญญาตรี,รับราชการ,ปริญญาตรี,อยู่ด้วยกัน,"40,001 - 100,000 บาท",สำคัญมาก,ค่อนข้างสำคัญ,สำคัญมาก,สำคัญมาก,สำคัญมาก,เป็นกลาง,เป็นกลาง,สำคัญมาก,สำคัญมาก,สำคัญมาก,เป็นกลาง,ค่อนข้างสำคัญ,ค่อนข้างสำคัญ,เป็นกลาง,สำคัญมาก,สนใจน้อย,สนในมาก,สนใจปานกลาง,สนใจปานกลาง,สนในมาก,สนใจมากที่สุด,สนในมาก,สนใจปานกลาง,สนใจมากที่สุด,สนใจน้อย,มีความสามารถมาก,มีความสามารถมาก,มีความสามารถมากที่สุด,มีความสามารถมากที่สุด,มีความสามารถปานกลาง,มีความสามารถน้อย,มีความสามารถมาก,มีความสามารถมาก,มีความสามารถมาก,มีความสามารถน้อย,มีความสามารถมากที่สุด,มีความสามารถมากที่สุด,อันดับที่ 5,อันดับที่ 2,,อันดับที่ 3,อันดับที่ 4,,,อันดับที่ 1,,อันดับที่ 3,,,,,อันดับที่ 4,อันดับที่ 5,,,,,,,,,,,,,,,,,,อันดับที่ 2,อันดับที่ 1,,,,,,,,,,,,มหาวิทยาลัยกรุงเทพ
29/10/2020 20:16:27,หญิง,แผนวิทย์-คณิต,มากกว่า 3.00 แต่ไม่เกิน 3.50,ภาคกลาง,อาชีพด้านเทคโนโลยี,รัฐบาล,รับราชการ,สูงกว่าปริญญาตรี,ธุรกิจส่วนตัว,สูงกว่าปริญญาตรี,อยู่ด้วยกัน,"40,001 - 100,000 บาท",สำคัญมาก,ค่อนข้างสำคัญ,เป็นกลาง,ค่อนข้างสำคัญ,ค่อนข้างสำคัญ,เป็นกลาง,ค่อนข้างสำคัญ,เป็นกลาง,ค่อนข้างสำคัญ,ค่อนข้างไม่สำคัญ,เป็นกลาง,ค่อนข้างไม่สำคัญ,ค่อนข้างไม่สำคัญ,ค่อนข้างไม่สำคัญ,ค่อนข้างสำคัญ,สนในมาก,สนใจปานกลาง,สนใจน้อย,สนใจน้อย,สนในมาก,สนในมาก,สนในมาก,สนใจปานกลาง,สนใจปานกลาง,สนในมาก,มีความสามารถปานกลาง,มีความสามารถมาก,มีความสามารถปานกลาง,มีความสามารถปานกลาง,มีความสามารถมาก,มีความสามารถมาก,มีความสามารถมาก,มีความสามารถมาก,มีความสามารถปานกลาง,มีความสามารถปานกลาง,มีความสามารถปานกลาง,มีความสามารถมาก,อันดับที่ 4,อันดับที่ 1,อันดับที่ 2,,,อันดับที่ 5,,อันดับที่ 3,,,อันดับที่ 1,,อันดับที่ 3,,,อันดับที่ 4,,,,,,,,,,,,,,,อันดับที่ 5,,,,,,,,อันดับที่ 2,,,,,,มหาวิทยาลัยมหิดล,มหาวิทยาลัยรามคำแหง,มหาวิทยาลัยรังสิต
30/10/2020 07:22:52,หญิง,แผนวิทย์-คณิต,มากกว่า 3.50 ขึ้นไป,กรุงเทพมหานคร,อาชีพด้านสาธารณสุข,รัฐบาล,ธุรกิจส่วนตัว,อนุปริญญา,พนักงานบริษัทเอกชน,ปริญญาตรี,แยกกันหรือหย่าร้าง,"ไม่เกิน 40,000 บาท",สำคัญมาก,สำคัญมาก,สำคัญมาก,สำคัญมาก,สำคัญมาก,เป็นกลาง,ค่อนข้างสำคัญ,ค่อนข้างสำคัญ,สำคัญมาก,เป็นกลาง,เป็นกลาง,ค่อนข้างไม่สำคัญ,ไม่สำคัญ,ไม่สำคัญ,ค่อนข้างสำคัญ,สนใจปานกลาง,สนใจมากที่สุด,สนใจน้อยที่สุด,สนใจปานกลาง,สนใจมากที่สุด,สนใจมากที่สุด,สนใจมากที่สุด,สนใจมากที่สุด,สนใจมากที่สุด,สนใจมากที่สุด,มีความสามารถมาก,มีความสามารถมาก,มีความสามารถมากที่สุด,มีความสามารถปานกลาง,มีความสามารถน้อย,มีความสามารถน้อย,มีความสามารถมากที่สุด,มีความสามารถมากที่สุด,มีความสามารถมาก,มีความสามารถปานกลาง,มีความสามารถปานกลาง,มีความสามารถมากที่สุด,อันดับที่ 3,อันดับที่ 2,อันดับที่ 1,อันดับที่ 4,อันดับที่ 5,,,,,,อันดับที่ 3,,,,,,อันดับที่ 4,,อันดับที่ 1,อันดับที่ 2,,,,,อันดับที่ 5,,,,,,,,,,,,,,,,,,,,มหาวิทยาลัยมหิดล,,
30/10/2020 11:23:42,หญิง,แผนศิลป์-ภาษา,มากกว่า 3.00 แต่ไม่เกิน 3.50,กรุงเทพมหานคร,อาชีพด้านดูแลสิ่งแวดล้อม,รัฐบาล,รัฐวิสาหกิจ,ปริญญาตรี,พนักงานบริษัทเอกชน,สูงกว่าปริญญาตรี,อยู่ด้วยกัน,"100,001 - 150,000 บาท",สำคัญมาก,เป็นกลาง,ค่อนข้างสำคัญ,สำคัญมาก,สำคัญมาก,เป็นกลาง,สำคัญมาก,สำคัญมาก,สำคัญมาก,ค่อนข้างสำคัญ,เป็นกลาง,ค่อนข้างสำคัญ,ค่อนข้างสำคัญ,เป็นกลาง,สำคัญมาก,สนใจน้อยที่สุด,สนใจปานกลาง,สนใจปานกลาง,สนในมาก,สนใจมากที่สุด,สนใจมากที่สุด,สนใจน้อย,สนในมาก,สนใจมากที่สุด,สนใจมากที่สุด,มีความสามารถมาก,มีความสามารถปานกลาง,มีความสามารถมากที่สุด,มีความสามารถมาก,มีความสามารถน้อย,มีความสามารถน้อยที่สุด,มีความสามารถมาก,มีความสามารถมาก,มีความสามารถมาก,มีความสามารถมาก,มีความสามารถปานกลาง,มีความสามารถมาก,อันดับที่ 3,อันดับที่ 2,อันดับที่ 3,อันดับที่ 3,อันดับที่ 2,อันดับที่ 2,อันดับที่ 2,อันดับที่ 1,อันดับที่ 5,อันดับที่ 4,อันดับที่ 4,อันดับที่ 5,อันดับที่ 5,อันดับที่ 4,อันดับที่ 4,อันดับที่ 3,อันดับที่ 5,อันดับที่ 5,อันดับที่ 5,อันดับที่ 5,อันดับที่ 5,อันดับที่ 5,อันดับที่ 4,อันดับที่ 4,อันดับที่ 5,อันดับที่ 4,อันดับที่ 5,อันดับที่ 3,อันดับที่ 5,อันดับที่ 5,อันดับที่ 5,อันดับที่ 3,อันดับที่ 3,อันดับที่ 3,อันดับที่ 3,อันดับที่ 3,อันดับที่ 4,อันดับที่ 4,อันดับที่ 1,อันดับที่ 2,อันดับที่ 2,อันดับที่ 1,อันดับที่ 2,อันดับที่ 2,สถาบันเทคโนโลยีพระจอมเกล้าเจ้าคุณทหารลาดกระบัง,มหาวิทยาลัยสุโขทัยธรรมมาธิราช,มหาวิทยาลัยกรุงเทพ
30/10/2020 16:23:37,หญิง,แผนศิลป์-ภาษา,มากกว่า 3.50 ขึ้นไป,ภาคกลาง,อาชีพด้านภาษา,รัฐบาล,แม่บ้าน,ปริญญาตรี,ธุรกิจส่วนตัว,ปริญญาตรี,อยู่ด้วยกัน,"40,001 - 100,000 บาท",สำคัญมาก,ค่อนข้างสำคัญ,ค่อนข้างสำคัญ,สำคัญมาก,ค่อนข้างสำคัญ,เป็นกลาง,เป็นกลาง,ค่อนข้างสำคัญ,สำคัญมาก,สำคัญมาก,เป็นกลาง,ค่อนข้างไม่สำคัญ,ค่อนข้างไม่สำคัญ,ค่อนข้างไม่สำคัญ,สำคัญมาก,สนใจปานกลาง,สนใจปานกลาง,สนในมาก,สนในมาก,สนใจมากที่สุด,สนใจมากที่สุด,สนใจปานกลาง,สนในมาก,สนใจมากที่สุด,สนใจมากที่สุด,มีความสามารถปานกลาง,มีความสามารถมาก,มีความสามารถปานกลาง,มีความสามารถปานกลาง,มีความสามารถปานกลาง,มีความสามารถน้อย,มีความสามารถมาก,มีความสามารถมาก,มีความสามารถมาก,มีความสามารถมาก,มีความสามารถมาก,มีความสามารถมาก,อันดับที่ 5,อันดับที่ 4,อันดับที่ 3,อันดับที่ 3,อันดับที่ 1,อันดับที่ 2,อันดับที่ 4,อันดับที่ 2,อันดับที่ 5,อันดับที่ 3,อันดับที่ 4,อันดับที่ 5,อันดับที่ 5,อันดับที่ 4,อันดับที่ 5,อันดับที่ 3,อันดับที่ 4,อันดับที่ 4,อันดับที่ 4,อันดับที่ 4,อันดับที่ 5,อันดับที่ 5,อันดับที่ 5,อันดับที่ 5,อันดับที่ 3,อันดับที่ 3,อันดับที่ 2,อันดับที่ 3,อันดับที่ 2,อันดับที่ 2,อันดับที่ 2,อันดับที่ 2,อันดับที่ 2,อันดับที่ 2,อันดับที่ 1,อันดับที่ 1,อันดับที่ 3,อันดับที่ 3,อันดับที่ 1,อันดับที่ 1,อันดับที่ 1,อันดับที่ 1,อันดับที่ 1,อันดับที่ 1,มหาวิทยาลัยเกษตรศาสตร์,มหาวิทยาลัยรามคำแหง,มหาวิทยาลัยกรุงเทพ